{"options":{"awareOfChrome":false,"check_for_updates":true,"comment":null,"compat_arrayleft":false,"compat_foreach":false,"compat_forvarin":false,"compat_metadata":false,"compat_uW_gmonkey":false,"compat_wrappedjsobject":false,"compatopts_for_requires":true,"noframes":null,"override":{"merge_connects":true,"merge_excludes":true,"merge_includes":true,"merge_matches":true,"orig_connects":["steamtradematcher.com"],"orig_excludes":[],"orig_includes":[],"orig_matches":["*://steamcommunity.com/tradeoffer/new/*source=stm*","*://*.steamtradematcher.com/*"],"orig_noframes":null,"orig_run_at":"document-idle","use_blockers":[],"use_connects":[],"use_excludes":[],"use_includes":[],"use_matches":[]},"run_at":null},"settings":{"enabled":true,"position":1},"meta":{"name":"SteamTrade Matcher Userscript - automatically add cards to trade","uuid":"a398e215-6adf-4760-aa68-028cf2516330","modified":1593321812015,"file_url":"https://www.steamtradematcher.com/res/userscript/stm.user.js"}}